ID,Address,Name,Latitude,Longitude,Radius,Tags,Notes,Type
36812505,616 Trailmobile Trail SW  Wyoming MI,Freightliner- GR,42.86949,-85.67844,75,,,Normal Geofence
36812506,15901 ELEVEN MILE ROAD  BATTLE CREEK MI 49014,Gas 17,42.302591,-85.082553,75,,,Normal Geofence
36812507,789 AMBOY AVENUE  EDISON NJ 8837,Gas 83446,40.53094,-74.32557,75,,,Normal Geofence
36812508,8603 Holland Rd  Taylor MI 48180,Taylor Recycle $,42.244286,-83.297823,75,,,Normal Geofence
36812509,125 Depot St  Constantine MI 49042,Michigan Milk Producers,41.843385,-85.664438,75,,,Normal Geofence
36812510,635 W MAIN ST  ALGOOD TN 38506,Gas 87137,36.182955,-85.459834,75,,,Normal Geofence
36812511,1576 London-Groveport Rd  Lockbourne OH 43137,Faro Services,39.831336,-82.955119,75,,,Normal Geofence
36812512,370 Lake Rd  Medina OH 44256,Medina Paper,41.13339,-81.893739,75,,,Normal Geofence
36812513,36 haverhill rd Amesbury MA 01913,Gas 23,42.883065,-85.07367,75,,,Normal Geofence
36812514,950 STATE ROAD 206 WEST  ST. AUGUSTINE FL 32086,Gas 626,29.74948,-81.344584,75,,,Normal Geofence
36812515,520 TVA RD  JASPER TN 37347,Gas 87177,35.033454,-85.583117,75,,,Normal Geofence
36812516,1535 Exeter Rd  Akron OH 44306,Waste Management,41.032304,-81.473209,75,,,Normal Geofence
36812517,390 N Industrial Dr  Morgantown KY 42261,Janesville (Corvac),37.220142,-86.710445,75,,,Normal Geofence
36812518,55 Cottage Grove St SW  Seca MI 49507,Vi-Chem,42.936113,-85.669333,75,,,Normal Geofence
36812519,1460 Cargo Ct  Minooka IL 60447,Kellogg - Cargo Ct.,41.446715,-88.299268,75,,,Normal Geofence
36812520,821 TYSON RD  HOPE HULL AL 36043,Gas 81012,32.196192,-86.414267,75,,,Normal Geofence
36812521,700 Eden Rd  Mason MI 48854,Michigan Packaging,42.560355,-84.43072,75,,,Normal Geofence
36812522,5742 STATE ROUTE 8  HARRISVILLE PA 16038,Gas 82921,41.202872,-79.975571,75,,,Normal Geofence
36812523,880 NORTH ROCKY RIVER DRI VE BEREA OH 44017,Gas 88133,41.389165,-81.851976,75,,,Normal Geofence
36812524,50 ANGELINA AVE  MCKEES ROCKS PA 15136,Gas 86721,40.472446,-80.060937,75,,,Normal Geofence
36812525,6193 SOUTH STATE ROAD 109  KNIGHTSTOWN IN 46148,Gas 88061,39.84173,-85.559929,75,,,Normal Geofence
36812526,9100 67th St  Hodgkins IL 60525,CMP TARA INTERNATIONAL,41.76809,-87.855745,75,,,Normal Geofence
36812527,1350 Arthur Ave  Elk Grove Village IL 60007,Mauser Formerly Ropak,41.996201,-87.967332,75,,,Normal Geofence
36812528,31 HEATHER LANE  PERRYVILLE MD 21903,Gas 290,39.589632,-76.06548,75,,,Normal Geofence
36812529,16921 HALFWAY BOULEVARD  HAGERSTOWN MD 21740,Gas 179,39.629892,-77.782755,75,,,Normal Geofence
36812530,885 EAST TOUHY AVENUE  DES PLAINES IL 60018,Gas 84250,42.008788,-87.900838,75,,,Normal Geofence
36812531,885 NORTH POINT CIRCLE  NORTH SALT LAKE UT 84054,Gas 772,40.836458,-111.934098,75,,,Normal Geofence
36812532,14555 IH35 SOUTH  VON ORMY TX 78073,Gas 568,29.27989,-98.668499,75,,,Normal Geofence
36812533,3051 STATE ROAD 60  OKEECHOBEE FL 34972,Gas 96,27.699002,-80.901243,75,,,Normal Geofence
36812534,3636 W. 5TH AVENUE  POST FALLS ID 83854,Gas 639,47.711046,-116.997914,75,,,Normal Geofence
36812535,400 Island Ave  Parchment MI 49004,LC - Island Drive,42.326957,-85.572639,75,,,Normal Geofence
36812536,16650 NW 27TH AVENUE  MIAMI GARDENS FL 33054,Gas 897,25.925518,-80.245114,75,,,Normal Geofence
36812537,400 TRANSCON LANE  WINSLOW AZ 86047,Gas 612,35.015841,-110.67388,75,,,Normal Geofence
36812538,3S405 STATE ROUTE 59  WARRENVILLE IL 60555,Gas 81429,41.819893,-88.203506,75,,,Normal Geofence
36812539,23841 WEST EAMES STREET  CHANNAHON IL 60410,Gas 473,41.457433,-88.192237,75,,,Normal Geofence
36812540,445 EVANSDALE DRIVE  EVANSDALE IA 50707,Gas 637,42.45973,-92.252478,75,,,Normal Geofence
36812541,20000 W 8 Mile Rd  Southfield MI 48075,FCR RECYCLING,42.440773,-83.367898,75,,,Normal Geofence
36812542,8221 US HIGHWAY 117 SOUTH  ROCKY POINT NC 28457,Gas 88189,34.439166,-77.879959,75,,,Normal Geofence
36812543,3006 NORTH WILLISTON ROAD  FLORENCE SC 29506,Gas 62,34.263172,-79.701287,75,,,Normal Geofence
36812544,9935 SR 41  JEFFERSONVILLE OH 43128,Gas 698,39.646279,-83.538701,75,,,Normal Geofence
36812545,61700 SOUTHGATE ROAD  CAMBRIDGE OH 43725,Gas 6,39.99712,-81.577317,75,,,Normal Geofence
36812546,4230 ERIE AVENUE SOUTHWES T MASSILLON OH 44646,Gas 89314,40.747614,-81.516418,75,,,Normal Geofence
36812547,4380 NASHVILLE ROAD  FRANKLIN KY 42134,Gas 661,36.662546,-86.553636,75,,,Normal Geofence
36812548,625 E University Dr  Granger IN 46530,Costco Granger,41.718838,-86.171997,75,,,Normal Geofence
36812549,810 NORTH 800 WEST  SCIPIO UT 84656,Gas 510,39.255431,-112.117161,75,,,Normal Geofence
36812550,30035 COUNTY ROAD 8  DUNNIGAN CA 95937,Gas 168,38.862003,-121.950277,75,,,Normal Geofence
36812551,3521 HEBRON ROAD  HEBRON OH 43025,Gas 89385,39.980518,-82.485079,75,,,Normal Geofence
36812552,4932 W Dickman Rd  Battle Creek MI 49037,Exopack,42.338502,-85.276954,75,,,Normal Geofence
36812553,3600 INTERCHANGE ROAD  COLUMBUS OH 43204,Gas 213,39.973078,-83.099524,75,,,Normal Geofence
36812554,525 1ST STREET PO BOX 87  BEASLEY TX 77417,Gas 472,29.495825,-95.911116,75,,,Normal Geofence
36812555,249 Garfield Ave  Menasha WI 54952,Graphic Pkg - Menasha,44.195935,-88.456019,75,,,Normal Geofence
36812556,300 SIX MILE ROAD  WHITMORE LAKE MI 48115,Gas 88876,42.393425,-83.76152,75,,,Normal Geofence
36812557,3000 US HIGHWAY 25E  MIDDLESBORO KY 40965,Gas 240,36.643559,-83.700318,75,,,Normal Geofence
36812558,5085 BUFFALO CREEK RD  ELM CREEK NE 68836,Gas 901,40.692386,-99.382052,75,,,Normal Geofence
36812559,9911 AVALON ROAD NW  ALBUQUERQUE NM 87105,Gas 689,35.079932,-106.745948,75,,,Normal Geofence
36812560,1240 Matzinger Rd  Toledo OH 43612,Welch Toledo,41.707871,-83.51707,75,,,Normal Geofence
36812561,E County Road 400 S  Whitestown IN 46052,Kenco - Whitestown,40.22925,-86.337082,75,,,Normal Geofence
36812562,29636 STATE HWY 59  LOXLEY AL 36551,Gas 84400,30.655233,-87.760326,75,,,Normal Geofence
36812563,650 W FRONT STREET  BATTLE MOUNTAIN NV 89820,Gas 966,40.648327,-116.943525,75,,,Normal Geofence
36812564,125 enterprise pkwy  West Jefferson OH 43162,DSC WEST JEFFERSON,39.948917,-83.326164,75,,,Normal Geofence
36812565,2173 Beverly Ave SW  Wyoming MI 49519,Caraustar,42.925312,-85.709856,75,,,Normal Geofence
36812566,1 Recycle Way  Somerset KY 42503,Somerset Recycle,40.395824,-79.442435,75,,,Normal Geofence
36812567,95 68TH AVENUE SOUTH  COOPERSVILLE MI 49404,Gas 86278,43.058008,-85.957517,75,,,Normal Geofence
36812568,1401 RIPLEY STREET  LAKE STATION IN 46405,Gas 650,41.587127,-87.236001,75,,,Normal Geofence
36812569,3006 BUTTERFIELD TRL  GILA BEND AZ 85337,Gas 1243,32.929681,-112.673258,75,,,Normal Geofence
36812570,5540 MURFREESBORO RD  LAVERGNE TN 37086,Gas 87105,36.010004,-86.544328,75,,,Normal Geofence
36812571,3002 US 57  EAGLE PASS TX 78852,Gas 894,28.709762,-100.46364,75,,,Normal Geofence
36812572,4009 S High School Rd  Indianapolis IN 46241,Cra-Wal,39.705269,-86.267009,75,,,Normal Geofence
36812573,1420 Industrial Dr  Mishawaka IN 46544,Jamil,41.648025,-86.163174,75,,,Normal Geofence
36812574,470 Sauk River Dr  Coldwater MI 49036,Penske,41.933308,-84.978417,75,,,Normal Geofence
36812575,715 S. GRANDVIEW AVENUE  ODESSA TX 79761,Gas 8625,31.845201,-102.340638,75,,,Normal Geofence
36812576,16600 WEST SOUTH AVENUE  TONKAWA OK 74653,Gas 1004,36.696183,-97.34925,75,,,Normal Geofence
36812577,1395 135th Ave  Hersey MI 49639,IMC Salt,43.834407,-85.354134,75,,,Normal Geofence
36812578,1623 OLIVER ROAD  NEW MILFORD PA 18834,Gas 710,41.824288,-75.682376,75,,,Normal Geofence
36812579,8035 PERRY HIGHWAY  ERIE PA 16509,Gas 311,42.069498,-80.038996,75,,,Normal Geofence
36812580,20404 TAFT HWY  BAKERSFIELD CA 93311,Gas 1260,35.268351,-119.229536,75,,,Normal Geofence
36812581,2275 American Blvd  De Pere WI 54115,GREEN BAY PKG,44.405918,-88.114799,75,,,Normal Geofence
36812582,6050 PLAZA DRIVE  FORT MYERS FL 33905,Gas 352,26.655222,-81.801085,75,,,Normal Geofence
36812583,825 CANANDAIGUA ROAD  GENEVA NY 14456,Gas 89966,42.856478,-77.014524,75,,,Normal Geofence
36812584,Comstock Township MI 49001,Wagner Logistics,42.259363,-85.571501,75,,,Normal Geofence
36812585,882 GEORGIA HIGHWAY 100  TALLAPOOSA GA 30176,Gas 312,33.682691,-85.26326,75,,,Normal Geofence
36812586,4565 POPLAR LEVEL ROAD  LOUISVILLE KY 40213,Gas 85457,38.183574,-85.698776,75,,,Normal Geofence
36812587,891 ADDISON RD  PAINTED POST NY 14870,Gas 89932,42.109983,-77.155529,75,,,Normal Geofence
36812588,2929 SCOTTSVILLE ROAD  FRANKLIN KY 42134,Gas 46,36.716302,-86.525923,75,,,Normal Geofence
36812589,6605 N. INDIAN CANYON DRI VE PO BOX 581236 NORTH PALM SPRINGS CA 92262,Gas 307,33.903066,-116.546174,75,,,Normal Geofence
36812590,140 RACEHORSE DR.  ALORTON IL 62207,Gas 642,38.575891,-90.098335,75,,,Normal Geofence
36812591,619 S 5th St  Elkhart IN 46516,Recycling Works,41.679132,-85.976189,75,,,Normal Geofence
36812592,209 Republic St  Norwalk OH 44857,Americraft Norwalk,41.264697,-82.607343,75,,,Normal Geofence
36812593,620 W MILL ROAD  ARTESIA NM 88210,Gas 8603,32.871996,-104.401328,75,,,Normal Geofence
36812594,6102 HIGHWAY 2 WEST  COLUMBIA FALLS MT 59912,Gas 922,48.36978,-114.239212,75,,,Normal Geofence
36812595,1500 Nicholas Blvd  Elk Grove Village IL 60007,Graphic Packaging,42.004741,-87.951094,75,,,Normal Geofence
36812596,1582 Harrison St  Kalamazoo MI 49007,GPI KZOO Lot B - Scrap Drop,42.306162,-85.573579,75,,,Normal Geofence
36812597,602 4TH STREET  LUBBOCK TX 79401,Gas 733,33.593325,-101.841254,75,,,Normal Geofence
36812598,5513 Proviso Dr  Berkeley IL 60163,Neil Cartage,41.893901,-87.905351,75,,,Normal Geofence
36812599,399 Southwood Ct  Bowling Green KY 42101,Georgia Pacific BG,36.933905,-86.500977,75,,,Normal Geofence
36812600,2032 HIGHWAY 48  PLEASANT HILL NC 27866,Gas 58,36.523405,-77.587144,75,,,Normal Geofence
36812601,4375 O DAY AVE NE  ST. MICHAEL MN 55376,Gas 84554,45.215634,-93.597921,75,,,Normal Geofence
36812602,35858 GHOST TOWN RD  YERMO CA 92398,Gas 1272,34.904081,-116.887215,75,,,Normal Geofence
36812603,5625 W. WINNEMUCCA BLVD.  WINNEMUCCA NV 89445,Gas 485,40.931386,-117.805589,75,,,Normal Geofence
36812604,9510 GREENWOOD ROAD  GREENWOOD LA 71033,Gas 665,32.444595,-93.978595,75,,,Normal Geofence
36812605,3825 BUSINESS LOOP I-94  MANDAN ND 58554,Gas 511,46.861243,-101.010085,75,,,Normal Geofence
36812606,3110 SANDY RIDGE ROAD  COLFAX NC 27235,Gas 87929,36.094019,-79.995407,75,,,Normal Geofence
36812607,6141 US 127 NORTH  EATON OH 45320,Gas 286,39.831662,-84.630319,75,,,Normal Geofence
36812608,1400 SOUTH MIAMI BOULEVAR D DURHAM NC 27703,Gas 86972,35.955967,-78.841693,75,,,Normal Geofence
36812609,8924 LAKE ROAD  SEVILLE OH 44273,Gas 13,41.029783,-81.907267,75,,,Normal Geofence
36812610,4301 SOUTH MAIN STREET  LAPLACE LA 70068,Gas 82,30.085454,-90.444488,75,,,Normal Geofence
36812611,422 Jay St  Coldwater MI 49036,Leader Logistics,41.930104,-85.015213,75,,,Normal Geofence
36812612,28th Street  Grand Rapids MI 49548,Kellogg/Keebler,42.912824,-85.654811,75,,,Normal Geofence
36812613,968 CASSVILLE-WHITE ROAD  CARTERSVILLE GA 30120,Gas 67,34.272079,-84.807711,75,,,Normal Geofence
36812614,6224 E Minooka Rd  Minooka IL 60447,Kellogg DC,41.45447,-88.305821,75,,,Normal Geofence
36812615,3798 ROUTE 11  MCGRAW NY 13101,Gas 89912,42.590749,-76.1334,75,,,Normal Geofence
36812616,2500 Logistics Dr  Battle Creek MI 49037,Janesville Accoustics,42.304539,-85.272012,75,,,Normal Geofence
36812617,18011 COLORADO STREET  HEBRON IN 46341,Gas 448,41.290269,-87.295089,75,,,Normal Geofence
36812618,1844 Summer St  Hammond IN 46320,Pac Moore Whse,41.601336,-87.483765,75,,,Normal Geofence
36812619,3838 Indianola Ave  Columbus OH 43214,Marzettis Columbus,40.043107,-82.999038,75,,,Normal Geofence
36812620,4371 BROADWAY BLVD  MONROEVILLE PA 15146,Gas 82917,40.398915,-79.76974,75,,,Normal Geofence
36812621,8645 WATERVILLE SWANTON R OAD WATERVILLE OH 43566,Gas 86395,41.508755,-83.755847,75,,,Normal Geofence
36812622,979 ROUTE 173  BLOOMSBURY NJ 8804,Gas 280,40.659852,-75.072613,75,,,Normal Geofence
36812623,15401 Industrial Dr  Schoolcraft Township MI 49087,Clark Logic,42.093379,-85.633049,75,,,Normal Geofence
36812624,9890 SE MISSOURI 13  COLLINS MO 64738,Gas 385,37.874268,-93.621464,75,,,Normal Geofence
36812625,4221 WALDEN AVE.  LANCASTER NY 14086,Gas 89888,42.923135,-78.621786,75,,,Normal Geofence
36812626,6485 WEST OVERLAND DRIVE  IDAHO FALLS ID 83402,Gas 1043,43.439351,-112.115669,75,,,Normal Geofence
36812627,145 E Fountain St  Battle Creek MI 49017,F-6,42.314427,-85.183943,75,,,Normal Geofence
36812628,65 SADLER ROAD  DUNN NC 28334,Gas 900,35.318409,-78.575777,75,,,Normal Geofence
36812629,18 Allison Dr  Shelby OH 44875,CENTRAL OHIO WHSE,40.900742,-82.672816,75,,,Normal Geofence
36812630,5350 HWY 93  JEROME ID 83338,Gas 640,42.649423,-114.441981,75,,,Normal Geofence
36812631,41 SE  WYOMING BLVD.  CASPER WY 82609,Gas 758,42.851874,-106.269591,75,,,Normal Geofence
36812632,43443 Flint  Novi MI 48375,CVS - Novi,42.478925,-83.476816,75,,,Normal Geofence
36812633,7112 I-10 WEST  ORANGE TX 77630,Gas 735,30.116235,-93.81942,75,,,Normal Geofence
36812634,1300 N. CORRINGTON AVENUE  KANSAS CITY MO 64120,Gas 768,39.131228,-94.497039,75,,,Normal Geofence
36812635,15919 S. LINCOLN HIGHWAY  PLAINFIELD IL 60544,Gas 88480,41.593474,-88.186144,75,,,Normal Geofence
36812636,2275 SPERRY AVENUE  PATTERSON CA 95363,Gas 1080,37.465611,-121.164954,75,,,Normal Geofence
36812637,400 E Hanthorn Rd  Lima OH 45804,Wannamacher,40.700589,-84.100986,75,,,Normal Geofence
36812638,1300 N. GRAND AVENUE  MT. PLEASANT IA 52641,Gas 1012,40.982822,-91.53993,75,,,Normal Geofence
36812639,7501 SOUTH CHOCTAW ROAD  CHOCTAW OK 73020,Gas 556,35.39043,-97.265948,75,,,Normal Geofence
36812640,3807 STATESVILLE AVENUE  CHARLOTTE NC 28206,Gas 275,35.270382,-80.838298,75,,,Normal Geofence
36812641,164 FM 1927  PYOTE TX 79777,Gas 1227,31.534855,-103.126272,75,,,Normal Geofence
36812642,2945 W 31st St  Chicago IL 60623,Ferrara Candy Company,41.836179,-87.699094,75,,,Normal Geofence
36812643,4911 W 67th St  Chicago IL 60638,CSC  Bedford Park,41.770356,-87.744946,75,,,Normal Geofence
36812644,312 Mound St  Dayton OH 45402,ROYAL OAK DAYTON,39.751382,-84.20852,75,,,Normal Geofence
36812645,700 E HWY 302  KERMIT TX 79745,Gas 1206,31.840939,-103.11046,75,,,Normal Geofence
36812646,7502 E 86th St  Indianapolis IN 46256,EPI,39.912982,-86.036627,75,,,Normal Geofence
36812647,985 Coolidge Hwy  Troy MI 48009,Socrra,42.540579,-83.186058,75,,,Normal Geofence
36812648,926 ARLINGTON ROAD  BROOKVILLE OH 45309,Gas 88013,39.851681,-84.424505,75,,,Normal Geofence
36812649,37 Thermofil Way  Handy Township MI 48836,Asahi,42.649561,-84.057338,75,,,Normal Geofence
36812650,"6900 Old U.S. 27, Fremont, IN 46737, USA",Pilot Freemont,41.740839,-85.000054,75,,,Normal Geofence
36812651,3004 111TH STREET  NAPERVILLE IL 60564,Gas 87448,41.680248,-88.205485,75,,,Normal Geofence
36812652,2599 Charlestown Rd  New Albany IN 47150,GPI Lithocraft,38.31465,-85.805234,75,,,Normal Geofence
36812653,Burstein Ct  Albion MI 49224,Georgia Pacific,42.253741,-84.773227,75,,,Normal Geofence
36812654,31120 N US HIGHWAY 60  WITTMAN AZ 85361,Gas 1192,33.765394,-112.514266,75,,,Normal Geofence
36812655,5235 Westpoint Drive  Groveport. oh OH 43125,Kenco,39.854732,-82.931434,75,,,Normal Geofence
36812656,1145 S Conwell Ave  Willard OH 44890,LSC Communications,40.04684,-86.875875,75,,,Normal Geofence
36812657,450 EAST WESTERN AVENUE  SONORA KY 42776,Gas 392,37.522519,-85.882522,75,,,Normal Geofence
36812658,3835 W 41st St  Chicago IL 60632,Mid America,41.818276,-87.719934,75,,,Normal Geofence
36812659,4200 N I-90 SERVICE RD EX IT 61 RAPID CITY SD 57701,Gas 931,44.103582,-103.149396,75,,,Normal Geofence
36812660,13960 CAPITAL BOULEVARD  WAKE FOREST NC 27587,Gas 86973,36.013133,-78.516803,75,,,Normal Geofence
36812661,931 Deeds Ave  Dayton OH 45404,GBD - Heidelberg,39.784535,-84.176288,75,,,Normal Geofence
36812662,"5 Infinite Loop, Cupertino, CA 95014, USA",add_noEPsY41RZiZRY2vqiMnSg,37.331184,-122.028713,75,,,Normal Geofence
36812663,3600 HIGHWAY 77 SOUTH  UNION POINT GA 30669,Gas 633,33.71177,-83.122942,75,,,Normal Geofence
36812664,363 Elm St  Battle Creek MI 49014,Post Foods,42.311006,-85.172041,75,,,Normal Geofence
36812665,3001 MOUNTAIN PASS BLVD  ANTHONY TX 79821,Gas 724,31.996957,-106.580137,75,,,Normal Geofence
36812666,4231 CLEARWATER ROAD  ST. CLOUD MN 56301,Gas 134,45.496331,-94.148985,75,,,Normal Geofence
36812667,1501 NORTH JACK TONE ROAD  RIPON CA 95366,Gas 618,37.755764,-121.143315,75,,,Normal Geofence
36812668,8787 SOUTH LANCASTER ROAD  DALLAS TX 75241,Gas 433,32.642302,-96.780018,75,,,Normal Geofence
36812669,3730 SPEEDWAY DRIVE  FINDLAY OH 45840,Gas 88502,41.086917,-83.657285,75,,,Normal Geofence
36812670,81 Spicer Dr  Gordonsville TN 38563,Graphic Pkg,36.197536,-85.93944,75,,,Normal Geofence
36812671,1800  PRINCETON-KENLY ROA D KENLY NC 27542,Gas 683,35.573974,-78.146823,75,,,Normal Geofence
36812672,7859 SOUTH HARLEM AVENUE  BURBANK IL 60459,Gas 87422,41.748853,-87.799042,75,,,Normal Geofence
36812673,15919 NORTH FREEWAY  HOUSTON TX 77090,Gas 729,29.999216,-95.427648,75,,,Normal Geofence
36812674,5219 BRECKSVILLE ROAD  RICHFIELD OH 44286,Gas 130,41.276203,-81.625771,75,,,Normal Geofence
36812675,639 STATE HIGHWAY 75 NORT H HUNTSVILLE TX 77320,Gas 234,30.737512,-95.594162,75,,,Normal Geofence
36812676,2311 JACKSBORO HIGHWAY  WICHITA FALLS TX 76301,Gas 741,33.890222,-98.483046,75,,,Normal Geofence
36812677,6109 US 43 SOUTH  SATSUMA AL 36572,Gas 75,30.872887,-88.04652,75,,,Normal Geofence
36812678,414 E Hudson Ave  Royal Oak MI 48067,Royal Oak Waste,42.480948,-83.139604,75,,,Normal Geofence
36812679,700 E Industrial Dr  Terre Haute IN 47802,Staples DC,39.344753,-87.407012,75,,,Normal Geofence
36812680,979 E PAIGE AVE  TULARE CA 93274,Gas 1071,36.180234,-119.333424,75,,,Normal Geofence
36812681,851 2nd St  Perrysburg OH 43551,Ampoint,41.590159,-83.54616,75,,,Normal Geofence
36812682,238 Fritz Keiper Blvd  Battle Creek MI 49037,Denso Air Systems,42.334902,-85.29234,75,,,Normal Geofence
36812683,5015 52nd St SE  Cascade MI 49512,Recycling Concepts,42.8699,-85.542712,75,,,Normal Geofence
36812684,4801 NE 122ND ST.  EDMOND OK 73013,Gas 704,35.595523,-97.437121,75,,,Normal Geofence
36812685,1406 OH-97  Mansfield OH 44904,Next Generation Films,40.6708,-82.562543,75,,,Normal Geofence
36812686,2845 Dormax St SW  Grandville MI 49418,Columbian - Dixie,42.911824,-85.735457,75,,,Normal Geofence
36812687,750 BAKER ROAD  DEXTER MI 48130,Gas 21,42.300875,-83.875464,75,,,Normal Geofence
36812688,8895 Innovation Campus New Albany OH 43054,"Accel New Albany, OH",40.088859,-82.748806,75,,,Normal Geofence
36812689,602 8TH AVENUE NORTH  COLUMBUS MT 59019,Gas 906,45.644974,-109.246646,75,,,Normal Geofence
36812690,509 SOUTH DORT HIGHWAY  FLINT MI 48503,Gas 88748,43.021957,-83.65421,75,,,Normal Geofence
36812691,561 BUSINESS HUB ROAD  BELGRADE MT 59714,Gas 1013,45.774481,-111.199555,75,,,Normal Geofence
36812692,7940 BROOKVILLE ROAD  INDIANAPOLIS IN 46239,Gas 83766,39.750766,-86.026944,75,,,Normal Geofence
36812693,42810 FRAZIER MOUNTAIN PA RK RD LEBEC CA 93243,Gas 616,34.816394,-118.888078,75,,,Normal Geofence
36812694,38980 N GREEN BAY ROAD  BEACH PARK IL 60087,Gas 84440,42.428079,-87.876992,75,,,Normal Geofence
36812695,Bennett St  Marion OH 43302,Graphic Pkg  - Marion,40.585817,-83.153812,75,,,Normal Geofence
36812696,4304 FIRST AVENUE  NITRO WV 25143,Gas 243,38.443553,-81.830786,75,,,Normal Geofence
36812697,8064 ROUTE 22  NEW ALEXANDRIA PA 15670,Gas 82929,40.395824,-79.442435,75,,,Normal Geofence
36812698,I-10 EXIT 1 FRONTAGE ROAD N. BOX 801 EHRENBERG AZ 85334,Gas 608,33.602133,-114.523475,75,,,Normal Geofence
36812699,170 Grand Trunk Ave  Battle Creek MI 49037,WestRock,42.322653,-85.202764,75,,,Normal Geofence
36812700,310 CORDELE ROAD  ALBANY GA 31705,Gas 260,31.581176,-84.085773,75,,,Normal Geofence
36812701,3634 NORTH VALLEY PIKE  HARRISONBURG VA 22802,Gas 491,38.480132,-78.818465,75,,,Normal Geofence
36812702,Ann Arbor MI 48103,FCR,42.247586,-83.826088,75,,,Normal Geofence
36812703,251 Airport Rd  North Aurora IL 60542,PERFTECH,41.798706,-88.327975,75,,,Normal Geofence
36812704,480 TRUCK INN WAY  FERNLEY NV 89408,Gas 1005,39.614639,-119.216686,75,,,Normal Geofence
36812705,3145 METEOR CRATER ROAD  ODESSA TX 79766,Gas 1161,31.784697,-102.477112,75,,,Normal Geofence
36812706,2850 SKOKIE HIGHWAY  NORTH CHICAGO IL 60064,Gas 87459,42.307362,-87.876915,75,,,Normal Geofence
36812707,8150 INDIANAPOLIS BOULEVA RD HIGHLAND IN 46322,Gas 31,41.567307,-87.472973,75,,,Normal Geofence
36812708,907 KNOX ROAD  MCLEANSVILLE NC 27301,Gas 7937,36.060899,-79.662183,75,,,Normal Geofence
36812709,66 NJ-173 WEST  HAMPTON NJ 8827,Gas 190,40.636946,-74.968481,75,,,Normal Geofence
36812710,825 NORTH LOOP ROAD  SULLIVAN MO 63080,Gas 673,38.225515,-91.158996,75,,,Normal Geofence
36812711,"935 Raymond Rd N  Battle Creek, MI MI 49014",Kellogg's,42.320781,-85.143081,75,,,Normal Geofence
36812712,3500 W County Road 0 NS  Frankfort IN 46041,Conagra Frankfort,40.289198,-86.572684,75,,,Normal Geofence
36812713,1343 ROCK BARN ROAD  CONOVER NC 28613,Gas 7971,35.721086,-81.189195,75,,,Normal Geofence
36812714,685 HIGHWAY 80 EAST  PEARL MS 39208,Gas 678,32.277377,-90.160437,75,,,Normal Geofence
36812715,122000 E. BROWNS GULCH RO AD BUTTE MT 59701,Gas 924,46.007251,-112.607629,75,,,Normal Geofence
36812716,6505 JACK RABIT LANE  BELGRADE MT 59714,Gas 968,45.765338,-111.186017,75,,,Normal Geofence
36812717,15913 Wingate Rd  Maple Heights OH 44137,Grand WorldWide,41.404933,-81.568619,75,,,Normal Geofence
36812718,72508 M-40  Lawton MI 49065,Honee Bear Canning,42.155446,-85.853859,75,,,Normal Geofence
36812719,918 WEST ATLANTIC  EMPORIA VA 23847,Gas 898,36.704684,-77.553165,75,,,Normal Geofence
36812720,7900 STATE ROUTE 60  BARTOW FL 33830,Gas 1128,27.916326,-81.718119,75,,,Normal Geofence
36812721,650 CARROLLTON STREET  TEMPLE GA 30179,Gas 634,33.719482,-85.025338,75,,,Normal Geofence
36812722,5714 NORTH RHETT AVENUE  N. CHARLESTON SC 29406,Gas 1082,32.903636,-79.984659,75,,,Normal Geofence
36812723,3150 39TH ST SW SUITE A  FARGO ND 58104,Gas 685,46.833604,-96.844738,75,,,Normal Geofence
36812724,5360 ATHENS BOONESBORO RO AD LEXINGTON KY 40509,Gas 89651,37.963948,-84.39182,75,,,Normal Geofence
36812725,9738 PRINCETON GLENDALE R OAD CINCINNATI OH 45246,Gas 89367,39.314679,-84.463913,75,,,Normal Geofence
36812726,799 JEDBURG ROAD  SUMMERVILLE SC 29483,Gas 1068,33.080894,-80.210859,75,,,Normal Geofence
36812727,2519 LYNDALE AVE N  FARIBAULT MN 55021,Gas 84610,44.317347,-93.29515,75,,,Normal Geofence
36812728,4700 Fisher Rd  Columbus OH 43228,Vista Packaging,39.975176,-83.128623,75,,,Normal Geofence
36812729,Gas City IN 46933,Wal-Mart GC,40.479739,-85.592079,75,,,Normal Geofence
36812730,619 SOUTH SUNSHINE BOULEV ARD ELOY AZ 85231,Gas 458,32.738301,-111.549439,75,,,Normal Geofence
36812731,1775 S West St  Indianapolis IN 46225,Westrock INDY,39.742401,-86.164605,75,,,Normal Geofence
36812732,115 US-131 N  Three Rivers MI 49093,KFC,42.325054,-85.276679,75,,,Normal Geofence
36812733,616 S MAIN ST  SMITHS GROVE KY 42171,Gas 87179,37.04442,-86.209331,75,,,Normal Geofence
36812734,4091 JIMMIE DYESS PARKWAY  AUGUSTA GA 30909,Gas 65,33.480073,-82.131071,75,,,Normal Geofence
36812735,395 E. VISTA DRIVE  WEED CA 96094,Gas 137,41.398517,-122.376609,75,,,Normal Geofence
36812736,315 E 13TH STREET  HARDIN MT 59034,Gas 964,45.742419,-107.596967,75,,,Normal Geofence
36812737,1123 Verdant Dr  Elkhart IN 46516,Welch Packaging,40.479739,-85.592079,75,,,Normal Geofence
36812738,1100 ONeill Rd  Hebron OH 43025,Covestro Compounding,39.314679,-84.463913,75,,,Normal Geofence
36812739,838 STATE ROUTE 97 WEST  BELLVILLE OH 44813,Gas 83535,40.647614,-82.543566,75,,,Normal Geofence
36812740,900 TYSON ROAD  HOPE HULL AL 36043,Gas 604,32.194363,-86.420629,75,,,Normal Geofence
36812741,705 N Sparta St  Steeleville IL 62288,Gilster Mary Lee,38.010681,-89.659325,75,,,Normal Geofence
36812742,640 DIXIE LEE AVENUE  MONTEAGLE TN 37356,Gas 4599,35.232909,-85.825517,75,,,Normal Geofence
36812743,139 Enterprise Pkwy  West Jefferson OH 43162,Kellogg / DSC,39.95229,-83.330049,75,,,Normal Geofence
36812744,3366 Kraft Ave SE  Grand Rapids MI 49512,Columbian (GATX),42.902407,-85.526919,75,,,Normal Geofence
36812745,2601 SOUTH RANGE AVENUE  DENHAM SPRINGS LA 70726,Gas 79,30.451895,-90.956832,75,,,Normal Geofence
36812746,8281 TRIDON DR  SMYRNA TN 37167,Gas 87138,35.935505,-86.529809,75,,,Normal Geofence
36812747,710 MURFREESBORO RD  NASHVILLE TN 37210,Gas 87136,36.139429,-86.732031,75,,,Normal Geofence
36812748,I-196 E  Grand Rapids MI 49505,HFS - H2,42.973527,-85.638513,75,,,Normal Geofence
36812749,15010 SOUTH STATE HWY 31  GRETNA NE 68028,Gas 686,41.092561,-96.255621,75,,,Normal Geofence
36812750,6595 IN-10  Knox IN 46534,Westrock Knox,41.229029,-86.571302,75,,,Normal Geofence
36812751,4444 COMMERCE LANE  ORLAND CA 95963,Gas 1019,39.750305,-122.207594,75,,,Normal Geofence
36812752,400 HAYNES STREET  STURBRIDGE MA 1566,Gas 222,42.064858,-72.10866,75,,,Normal Geofence
36812753,3140 OH-350  LEBANON OH 45036,Gas 552,39.411135,-84.150336,75,,,Normal Geofence
36812754,114 N Water St  Crawfordsville IN 47933,Pomp's Tire,46.929671,-104.009434,75,,,Normal Geofence
36812755,2884 NORTH US HIGHWAY 421  MICHIGAN CITY IN 46360,Gas 86748,41.649192,-86.894955,75,,,Normal Geofence
36812756,617 LOVELL RD  KNOXVILLE TN 37932,Gas 87156,35.909461,-84.15013,75,,,Normal Geofence
36812757,921 N. IH 35  COTULLA TX 78014,Gas 488,28.452549,-99.238124,75,,,Normal Geofence
36812758,1501 W ROOSEVELT ROAD  WEST CHICAGO IL 60185,Gas 83994,41.877757,-88.235317,75,,,Normal Geofence
36812759,200 Stephens Dr  Nicholasville KY 40356,rock tenn nick,37.886067,-84.58019,75,,,Normal Geofence
36812760,6161 WEST BRICK ROAD  SOUTH BEND IN 46628,Gas 86674,41.738116,-86.333531,75,,,Normal Geofence
36812761,600 Thomas Rd  Bensenville IL 60106,PRI,41.972791,-87.947419,75,,,Normal Geofence
36812762,7300 WEST OKEECHOBEE ROAD  FORT PIERCE FL 34945,Gas 90,27.414193,-80.400309,75,,,Normal Geofence
36812763,15954 11 Mile Rd  Battle Creek MI 49014,TA - Battle Creek,42.301219,-85.081653,75,,,Normal Geofence
36812764,Battle Creek MI 49014,Pilot Battle Creek,42.347742,-85.085676,75,,,Normal Geofence
36812765,55 ROBINHOOD DRIVE  ETTERS PA 17319,Gas 86761,40.15358,-76.820378,75,,,Normal Geofence
36812766,1300 BURKE ROAD  ST. MATTHEWS SC 29135,Gas 4579,33.632462,-80.879655,75,,,Normal Geofence
36812767,8801 NE BIRMINGHAM ROAD  KANSAS CITY MO 64161,Gas 1126,39.15653,-94.476274,75,,,Normal Geofence
36812768,706 EAST I-20 FRONTAGE RO AD BIG SPRING TX 79720,Gas 559,32.265518,-101.474557,75,,,Normal Geofence
36812769,3784 Hayes Rd  Groveport OH 43125,Faro - Pontius Rd,39.827971,-82.891187,75,,,Normal Geofence
36812770,5490 Roosevelt RD  Chicago IL 60644,LBP,41.865734,-87.761294,75,,,Normal Geofence
36812771,4425 NORTH STATE ROUTE 59  BRAZIL IN 47834,Gas 88738,39.45252,-87.127189,75,,,Normal Geofence
36812772,5900 E. INTERSTATE 20  ODESSA TX 79766,Gas 580,31.864251,-102.302369,75,,,Normal Geofence
36812773,7915 Division Ave S  Byron Township MI 49548,Trailer Express,42.819819,-85.6648,75,,,Normal Geofence
36812774,905 AMERICAN ROAD  NAPOLEON OH 43545,Gas 303,41.416374,-84.104256,75,,,Normal Geofence
36812775,8998 SC HIGHWAY 11  CAMPOBELLO SC 29322,Gas 884,35.139282,-82.104346,75,,,Normal Geofence
36812776,3001 MILWAUKEE ROAD  BELOIT WI 53511,Gas 289,42.526668,-88.979827,75,,,Normal Geofence
36812777,820 EDWARDSVILLE ROAD  TROY IL 62294,Gas 249,38.731874,-89.908676,75,,,Normal Geofence
36812778,16369 US 131  Schoolcraft MI 49087,J Rettenmaier,42.078076,-85.635337,75,,,Normal Geofence
36812779,41112 W INDIAN SCHOOL RD  TONOPAH AZ 85354,Gas 1180,33.493892,-112.937228,75,,,Normal Geofence
36812780,1336 Norton Rd  Columbus OH 43119,Royal Paper,39.923127,-83.142897,75,,,Normal Geofence
36812781,6008 HWY 31W  PORTLAND TN 37148,Gas 87161,36.628116,-86.566248,75,,,Normal Geofence
36812782,1623 S Lumber St  Chicago IL 60616,Continental PG,41.859265,-87.63539,75,,,Normal Geofence
36812783,3803 3 1/2 Mile Rd  Athens Township MI 49011,The Hive,42.126906,-85.231792,75,,,Normal Geofence
36812784,6098 MACASHAN DR  MCCALLA AL 35111,Gas 601,33.321728,-87.047124,75,,,Normal Geofence
36812785,3353 FEDERAL WAY  EAST BOISE ID 83705,Gas 777,43.57106,-116.189315,75,,,Normal Geofence
36812786,601 EAST FIFTH STREET  MURDO SD 57559,Gas 599,43.886011,-100.704674,75,,,Normal Geofence
36812787,11230 Addison Ave  Franklin Park IL 60131,Graph Pak,33.602133,-114.523475,75,,,Normal Geofence
36812788,"1 Infinite Loop, Cupertino, CA 95014, USA",add_dQVTdcybSP2igQ5-SLXd6g,37.331184,-122.028713,75,,,Normal Geofence
36812789,2328 Summit St  New Haven IN 46774,CSC - New haven,41.073765,-84.99857,75,,,Normal Geofence
36812790,1670 WEST 12TH STREET  OGDEN UT 84404,Gas 294,41.245372,-112.019366,75,,,Normal Geofence
36812791,819 BUCK CREEK ROAD  SIMPSONVILLE KY 40067,Gas 354,38.210246,-85.348126,75,,,Normal Geofence
36812792,2495 WILLIAMS AVE  LIMON CO 80828,Gas 621,39.27521,-103.709712,75,,,Normal Geofence
36812793,574 BETTIS ACADEMY ROAD  GRANITEVILLE SC 29829,Gas 4568,33.604973,-81.8401,75,,,Normal Geofence
36812794,8051 BAGLEY AVENUE  NORTHFIELD MN 55057,Gas 576,44.470686,-93.294797,75,,,Normal Geofence
36812795,5448 E PONCE DE LEON AVE  TUCKER GA 30083,Gas 84107,33.826485,-84.196668,75,,,Normal Geofence
36812796,1801 Elmwood Ave  Buffalo NY 14207,MODPAC,42.945206,-78.877944,75,,,Normal Geofence
36812797,48286 VICKSBURG RD  SALOME AZ 85348,Gas 1212,33.633717,-113.768861,75,,,Normal Geofence
36812798,715 SOUTH LAKESIDE DRIVE  AMARILLO TX 79118,Gas 436,35.196358,-101.74135,75,,,Normal Geofence
36812799,288 RESACA BEACH BLVD  RESACA GA 30735,Gas 632,34.576502,-84.947287,75,,,Normal Geofence
36812800,5170 NC 42 W  GARNER NC 27529,Gas 86985,35.609078,-78.561628,75,,,Normal Geofence
36812801,917 EAST ELM STREET  MARSTON MO 63866,Gas 301,36.518776,-89.601757,75,,,Normal Geofence
36812802,503 N. OAKWOOD STREET  OAKWOOD IL 61858,Gas 171,40.123734,-87.779494,75,,,Normal Geofence
36812803,6121 LEE HWY  CHATTANOOGA TN 37421,Gas 87114,35.029826,-85.187623,75,,,Normal Geofence
36812804,9810 PERRIN RD  MASCOUTAH IL 62258,Gas 1225,38.555469,-89.80597,75,,,Normal Geofence
36812805,5353 CAIRO ROAD  PADUCAH KY 42001,Gas 358,37.097052,-88.69118,75,,,Normal Geofence
36812806,4200 W HWY 302  ODESSA TX 79764,Gas 1143,31.876274,-102.422367,75,,,Normal Geofence
36812807,230 Progress Dr E  Kendallville IN 46755,GPI Whse,41.441694,-85.222398,75,,,Normal Geofence
36812808,4302 E SHELBY DR  MEMPHIS TN 38118,Gas 87175,35.021103,-89.919657,75,,,Normal Geofence
36812809,5201 GRANITE LANE  SIOUX FALLS SD 57107,Gas 716,43.603584,-96.767802,75,,,Normal Geofence
36812810,3817 N HIGHWAY 97  KLAMATH FALLS OR 97601,Gas 504,42.256113,-121.798748,75,,,Normal Geofence
36812811,1810 N Pitcher St  Kalamazoo MI 49007,GPI KZOO Lot E,42.308679,-85.578816,75,,,Normal Geofence
36812812,650 STAGE COACH DR.  ROCK SPRINGS WY 82901,Gas 764,41.608372,-109.230745,75,,,Normal Geofence
36812813,"600 Helmer Rd N, Springfield, MI 49037, USA",Behnke Inc,42.331405,-85.237623,75,,,Yard
36812814,140 Buchanan St  Chelsea MI 48118,Chelsea Milling,42.321041,-84.022195,75,,,Normal Geofence
36812815,942 E PIMA ST  GILA BEND AZ 85337,Gas 1244,32.949982,-112.705483,75,,,Normal Geofence
36812816,3825 SOUTHWAY STREET SOUT HWEST CANTON OH 44706,Gas 89400,40.781501,-81.420515,75,,,Normal Geofence
36812817,4455 KING STREET  COCOA FL 32926,Gas 88,28.359047,-80.792485,75,,,Normal Geofence
36812818,703 STATE HWY 80  MATTHEWS MO 63867,Gas 671,36.760194,-89.540918,75,,,Normal Geofence
36812819,7001 HIGHWAY 21  PORT WENTWORTH GA 31407,Gas 71,32.188197,-81.195074,75,,,Normal Geofence
36812820,4705 CALUMET AVENUE  HAMMOND IN 46327,Gas 88305,41.628363,-87.508514,75,,,Normal Geofence
36812821,2740 W Dickman Rd  Springfield MI 49037,Pack & Play,42.318735,-85.228617,75,,,Normal Geofence
36812822,"2 Infinite Loop, Cupertino, CA 95014, USA",add_noEPsY41RZiZRY2vqiMnSg2,37.331184,-122.028713,75,,,Normal Geofence
36812823,604 S. HWY 277  SONORA TX 76950,Gas 8638,30.566848,-100.643427,75,,,Normal Geofence
36812824,16271 S Lowell Rd  Lansing MI 48906,Lansing Packaging,42.780534,-84.641066,75,,,Normal Geofence
36812825,9601 I-40 E EXIT 76  AMARILLO TX 79118,Gas 723,35.194312,-101.72378,75,,,Normal Geofence
36812826,314 LOVELL ROAD  KNOXVILLE TN 37922,Gas 270,35.903501,-84.140546,75,,,Normal Geofence
36812827,106 E Fountain St  Battle Creek MI 49017,F-4,33.529447,-86.851573,75,,,Normal Geofence
36812828,3015 GARDEN CITY HWY.  MIDLAND TX 79701,Gas 8621,31.984261,-102.042799,75,,,Normal Geofence
36812829,250 Service Dr  Danville KY 40422,Hilpp Whse,37.617751,-84.803877,75,,,Normal Geofence
36812830,1940 Reed Ave  Edison MI 49001,LC Howard Factory St,42.274003,-85.555542,75,,,Normal Geofence
36812831,2965 HIGHWAY 247C  BYRON GA 31008,Gas 267,32.612766,-83.744558,75,,,Normal Geofence
36812832,7985 HIGHWAY 200  MILLTOWN MT 59851,Gas 905,46.875032,-113.887216,75,,,Normal Geofence
36812833,400 N Portland St  Bryan OH 43506,Spangler Candy,41.478146,-84.556493,75,,,Normal Geofence
36812834,708 NORTH MAIN STREET  LAMAR CO 81052,Gas 1052,38.096663,-102.618706,75,,,Normal Geofence
36812835,1695 Crossroads St  joliet IL 91915,DSC Logistics,41.492927,-88.183707,75,,,Normal Geofence
36812836,525 Enterprise Dr  Neenah WI 54956,Menasha packaging enterpr,44.151932,-88.478554,75,,,Normal Geofence
36812837,2333 S Wabash Ave  Wamac IL 62801,GPI,38.494819,-89.138565,75,,,Normal Geofence
36812838,4500 HIGHWAY 43 SOUTH  JOPLIN MO 64804,Gas 317,37.004281,-94.55245,75,,,Normal Geofence
36812839,3040 220TH STREET  WILLIAMS IA 50271,Gas 572,42.470283,-93.572673,75,,,Normal Geofence
36812840,600 WEST 750 NORTH  WILLARD UT 84340,Gas 748,41.424036,-112.051736,75,,,Normal Geofence
36812841,791 TENTH STREET  CARLIN NV 89822,Gas 387,40.719691,-116.105683,75,,,Normal Geofence
36812842,3801 N. DIVISION STREET  MORRIS IL 60450,Gas 483,41.395137,-88.421038,75,,,Normal Geofence
36812843,2801 E. GOV. JOHN SEVIER HIGHWAY KNOXVILLE TN 37914,Gas 241,35.960272,-83.823426,75,,,Normal Geofence
36812844,100 E Oakton St  Des Plaines IL 60018,International-Paper,36.197536,-85.93944,75,,,Normal Geofence
36812845,2501 BURR STREET  GARY IN 46406,Gas 271,41.572543,-87.401536,75,,,Normal Geofence
36812846,5901 FAIRFIELD ROAD  COLUMBIA SC 29203,Gas 712,34.064746,-81.02336,75,,,Normal Geofence
36812847,20 Ringel Ave  Wabash IN 46992,LIVING ESSENTIALS,40.837544,-85.800039,75,,,Normal Geofence
36812848,4416 SKYLAND BOULEVARD EA ST TUSCALOOSA AL 35405,Gas 76,33.173327,-87.47866,75,,,Normal Geofence
36812849,579 SOUTH HERMITAGE ROAD  HERMITAGE PA 16148,Gas 82907,41.226051,-80.451187,75,,,Normal Geofence
36812850,461 Dobbins St  Marshall MI 49068,Tenneco,42.269237,-84.974022,75,,,Normal Geofence
36812851,985 PEELER ROAD  SALISBURY NC 28147,Gas 7983,35.612536,-80.519882,75,,,Normal Geofence
36812852,700 J HWY  PECULIAR MO 64078,Gas 672,38.723276,-94.451641,75,,,Normal Geofence
36812853,9211 LEWISBURG HIGHWAY  CORNERSVILLE TN 37047,Gas 406,35.305307,-86.884086,75,,,Normal Geofence
36812854,27 DIAMOND ROAD  SUPERIOR MT 59872,Gas 911,47.173891,-114.865887,75,,,Normal Geofence
36812855,801 NC HIGHWAY 211E  CANDOR NC 27229,Gas 6978,35.802321,-80.558309,75,,,Normal Geofence
36812856,894 Prairie St  Sturgis MI 49091,Americraft Carton,41.791343,-85.424477,75,,,Normal Geofence
36812857,3371 Raleigh Dr SE  Grand Rapids MI 49512,Columbian - 33rd Street,42.902161,-85.533883,75,,,Normal Geofence
36812858,2400 ALLIANCE GATEWAY FWY . FORT WORTH TX 76177,Gas 434,32.958041,-97.307652,75,,,Normal Geofence
36812859,1522 WEST MARKET STREET  BLOOMINGTON IL 61701,Gas 299,40.482158,-89.017635,75,,,Normal Geofence
36812860,3365 SUGAR HILL ROAD  MARION NC 28752,Gas 1063,35.64271,-82.039522,75,,,Normal Geofence
36812861,15852 TENN HWY 13 S  HURRICANE MILLS TN 37078,Gas 87111,35.876695,-87.802518,75,,,Normal Geofence
36812862,7837 EAST LINCOLN HIGHWAY  LIMA OH 45801,Gas 83547,40.833559,-83.987656,75,,,Normal Geofence
36812863,396 SOUTH 00 EW  KOKOMO IN 46902,Gas 88062,40.424157,-86.127936,75,,,Normal Geofence
36812864,520 SOUTH STATE ROAD 39  LEBANON IN 46052,Gas 652,40.032302,-86.473531,75,,,Normal Geofence
36812865,124 Tri Quad Dr  Michigan City IN 46360,On Line Packaging,41.699423,-86.841126,75,,,Normal Geofence
36812866,3812 EAST CRAIG ROAD  NORTH LAS VEGAS NV 89031,Gas 341,36.240808,-115.097937,75,,,Normal Geofence
36812867,9351 CANAL ROAD  GULFPORT MS 39503,Gas 676,30.421318,-89.137923,75,,,Normal Geofence
36812868,11900 E 8 Mile Rd  Detroit MI 48205,Detroit abrasives,42.448203,-83.002396,75,,,Normal Geofence
36812869,122 Quality Ct  Charlestown IN 47111,LSC,38.434449,-85.665186,75,,,Normal Geofence
36812870,4376 N IN-59  BRAZIL IN 47834,Gas 444,39.451531,-87.12561,75,,,Normal Geofence
36812871,"6001 W 65th St, Chicago, IL 60638, USA",AIRA,41.772795,-87.799794,75,,,Normal Geofence
36812872,801 HOBBS HWY  SEMINOLE TX 79360,Gas 8612,32.719509,-102.65446,75,,,Normal Geofence
36812873,2786 SALT SPRINGS ROAD  GIRARD OH 44420,Gas 281,41.13975,-80.719709,75,,,Normal Geofence
36812874,23866 ROGERS CLARK BLVD.  RUTHER GLEN VA 22546,Gas 876,37.939393,-77.468506,75,,,Normal Geofence
36812875,853 INTERCHANGE DRIVE  HOLLAND MI 49423,Gas 1021,42.740797,-86.070483,75,,,Normal Geofence
36812876,493 EAST STATE ROUTE 44  WILDWOOD FL 34785,Gas 95,28.873718,-82.095244,75,,,Normal Geofence
36812877,6900 OLD U.S. 27  FREMONT IN 46737,Gas 29,41.74438,-84.999629,75,,,Normal Geofence
36812878,7833 LINGLESTOWN ROAD  HARRISBURG PA 17112,Gas 4563,40.35232,-76.727159,75,,,Normal Geofence
36812879,6830 FRANKLIN-LEBANON ROA D FRANKLIN OH 45005,Gas 9,39.54264,-84.290253,75,,,Normal Geofence
36812880,90 SOUTH STONE ROAD  SNOWVILLE UT 84336,Gas 774,41.963467,-112.710092,75,,,Normal Geofence
36812881,403 SW FRONTAGE ROAD  WINONA MS 38967,Gas 261,33.485299,-89.770294,75,,,Normal Geofence
36812882,701 SOUTH MORGAN ROAD  OKLAHOMA CITY OK 73128,Gas 703,35.458556,-97.689257,75,,,Normal Geofence
36812883,2400 HOLLAND ROAD  SUFFOLK VA 23434,Gas 1049,36.714277,-76.669065,75,,,Normal Geofence
36812884,491 ST. MARY'S ROAD  ST. MARY'S GA 31558,Gas 575,30.759898,-81.648475,75,,,Normal Geofence
36812885,1501 E 96th St  Chicago IL 60628,Grand warehouse,41.720346,-87.588546,75,,,Normal Geofence
36812886,3773 Clay Ave SW  Wyoming MI 49548,Cummins,42.895278,-85.676755,75,,,Normal Geofence
36812887,701 EAST EDGAR ROAD  LINDEN NJ 7036,Gas 83503,40.632372,-74.238337,75,,,Normal Geofence
36812888,12700 SOUTH PULASKI ROAD  ALSIP IL 60803,Gas 87461,41.661699,-87.719571,75,,,Normal Geofence
36812889,4300 CRITTENDEN DRIVE  LOUISVILLE KY 40209,Gas 89662,38.192981,-85.751443,75,,,Normal Geofence
36812890,8200 N.W. BLVD.  DAVENPORT IA 52806,Gas 636,41.603289,-90.625173,75,,,Normal Geofence
36812891,2700 McDonough St  Joliet IL 60436,NSD/DSC Joliet Drop yard,41.512981,-88.148352,75,,,Normal Geofence
36812892,481 WEST HIGHWAY 92  WILLIAMSBURG KY 40769,Gas 437,36.721788,-84.168243,75,,,Normal Geofence
36812893,5829 STATE ROAD 43  WEST LAFAYETTE IN 47906,Gas 88064,40.502041,-86.867983,75,,,Normal Geofence
36812894,801 W FAIRFIELD RD  HIGH POINT NC 27263,Gas 86954,35.920505,-80.000555,75,,,Normal Geofence
36812895,410 EAST VISTULA STREET  BRISTOL IN 46507,Gas 86664,41.721872,-85.813242,75,,,Normal Geofence
36812896,2309 SMITHTOWN ROAD  MORGANTOWN WV 26508,Gas 503,39.538934,-79.994446,75,,,Normal Geofence
36812897,2415 Plantside Dr  Louisville KY 40299,Southern Standard,38.210955,-85.564748,75,,,Normal Geofence
36812898,5905 NORTH US-35  LA PORTE IN 46350,Gas 86661,41.691882,-86.803713,75,,,Normal Geofence
36812899,4541 JONES SAUSAGE ROAD  GARNER NC 27529,Gas 86961,35.720657,-78.586028,75,,,Normal Geofence
36812900,1015 Marion Rd  Columbus OH 43207,Westrock Columbus,36.139125,-85.628391,75,,,Normal Geofence
36812901,2000 Industrial Blvd  Louisville KY 40219,Westrock Louisville,38.153855,-85.70882,75,,,Normal Geofence
36812902,1439 Lavelle Dr  Xenia OH 45385,Graphic Xenia,39.670257,-83.908083,75,,,Normal Geofence
36812903,1222 W Laskey Rd  Toledo OH 43612,Hometown Foods,41.707421,-83.570903,75,,,Normal Geofence
36812904,3801 OHIO RIVER BOULEVARD  BADEN PA 15005,Gas 82912,40.626162,-80.229953,75,,,Normal Geofence
36812905,5900 Carlson Ave  Portage IN 46368,MSI,41.598843,-87.186998,75,,,Normal Geofence
36812906,522 HIGHWAY 601 SOUTH  LUGOFF SC 29078,Gas 346,34.799894,-80.408386,75,,,Normal Geofence
36812907,1068 36th St SE  Grand Rapids MI 49508,Columbian Whse,35.077992,-81.703174,75,,,Normal Geofence
36812908,4066 US-59  GEORGE WEST TX 78022,Gas 554,28.336686,-98.02339,75,,,Normal Geofence
36812909,3709 S GEIGER BLVD  SPOKANE WA 99224,Gas 963,47.62061,-117.506962,75,,,Normal Geofence
36812910,1104 Big Four Arch Rd  Crawfordsville IN 47933,LSC - Crawfordsville,35.612536,-80.519882,75,,,Normal Geofence
36812911,501 VAN HORN DRIVE  VAN HORN TX 79855,Gas 209,31.036144,-104.830153,75,,,Normal Geofence
36812912,6595 DIXIE HIGHWAY  BRIDGEPORT MI 48722,Gas 88723,43.348675,-83.859109,75,,,Normal Geofence
36812913,2634 Marion Dr  Kendallville IN 46755,Graphic - Kendallville,41.44034,-85.219766,75,,,Normal Geofence
36812914,900 PLAZA AVENUE  WOODHULL IL 61490,Gas 476,41.180648,-90.33831,75,,,Normal Geofence
36812915,16049 WILLOWBROOK ROAD  SOUTH BELOIT IL 61080,Gas 646,42.494176,-88.998511,75,,,Normal Geofence
36812916,1100 Pidco Dr  Plymouth IN 46563,Westrock Plymouth,36.180234,-119.333424,75,,,Normal Geofence
36812917,2995 SAINT JOHNS ROAD  LIMA OH 45804,Gas 85236,40.697916,-84.089033,75,,,Normal Geofence
36812918,541 Industry Rd  Louisville KY 40208,Recycling management,38.219243,-85.77046,75,,,Normal Geofence
36812919,3105 DOYLE ROAD  NEW HAVEN IN 46774,Gas 304,41.059695,-84.980352,75,,,Normal Geofence
36812920,8300 STATE HIGHWAY 108 BO X 254B TEXARKANA AR 71854,Gas 606,33.513522,-93.948528,75,,,Normal Geofence
36812921,204 SOUTH WALLER AVE  BROOKSHIRE TX 77423,Gas 740,29.780082,-95.952283,75,,,Normal Geofence
36812922,450 HIGHWAY 109 N  LEBANON TN 37090,Gas 87124,36.192005,-86.411632,75,,,Normal Geofence
36812923,6589 THOMPSON RD  SYRACUSE NY 13206,Gas 89935,43.088631,-76.09251,75,,,Normal Geofence
36812924,5300 SOUTH STATE RTE. 3  SPICELAND IN 47385,Gas 655,39.847739,-85.412084,75,,,Normal Geofence
36812925,72235 VARNER RD  THOUSAND PALMS CA 92276,Gas 765,33.817821,-116.40339,75,,,Normal Geofence
36812926,1204 N 15th Ave E  Newton IA 50208,GPI -Newton,41.71451,-93.0351,75,,,Normal Geofence
36812927,23769 Mathew Rd  Sterling IL 61081,Walmart#7024,41.776315,-89.789894,75,,,Normal Geofence
36812928,44133 FAIRGROUND ROAD  CALDWELL OH 43724,Gas 309,39.737481,-81.527628,75,,,Normal Geofence
36812929,9587 CHARLESTON HWY  ST. GEORGE SC 29477,Gas 4576,33.269684,-80.567107,75,,,Normal Geofence
36812930,2901 W. HIGHWAY 86  TULIA TX 79088,Gas 888,34.528874,-101.797716,75,,,Normal Geofence
36812931,6252 STATE RTE. 18 EAST  MARION IN 46952,Gas 1086,40.554006,-85.553944,75,,,Normal Geofence
36812932,2758 W Halbert Rd  Battle Creek MI 49017,Gophers Hole,42.38279,-85.247808,75,,,Normal Geofence
36812933,2807 N. US  HWY 87  BIG SPRING TX 79721,Gas 8628,32.196546,-101.475236,75,,,Normal Geofence
36812934,720 US HIGHWAY 42 NORTHEA ST LONDON OH 43140,Gas 85360,39.950042,-83.38305,75,,,Normal Geofence
36812935,5619 I-10 EAST  SAN ANTONIO TX 78219,Gas 306,29.439959,-98.380083,75,,,Normal Geofence
36812936,2800 US HIGHWAY 1  NORTH BRUNSWICK NJ 8902,Gas 83475,40.431784,-74.515004,75,,,Normal Geofence
36812937,275 Cliff St  Battle Creek MI 49014,POST FOODS BC,42.309773,-85.161688,75,,,Normal Geofence
36812938,800 WATT ROAD  KNOXVILLE TN 37932,Gas 722,35.881901,-84.235249,75,,,Normal Geofence
36812939,9800 I-20 FRONTAGE ROAD  CANTON TX 75103,Gas 883,32.543258,-95.755565,75,,,Normal Geofence
36812940,8221 US-287  RHOME TX 76078,Gas 1140,33.100415,-97.470376,75,,,Normal Geofence
36812941,507 HIGHWAY 309  NIOTA TN 37826,Gas 4598,35.544914,-84.565053,75,,,Normal Geofence
36812942,3904 W Ferguson Rd  Fort Wayne IN 46809,IP -Ft Wayne,40.989444,-85.187016,75,,,Normal Geofence
36812943,623 SPRING STREET  ELIZABETH NJ 7201,Gas 83495,40.674381,-74.198672,75,,,Normal Geofence
36812944,3080 N TX-16  TILDEN TX 78072,Gas 1002,28.471541,-98.546965,75,,,Normal Geofence
36812945,1200 E 14 Mile Rd  Madison Heights MI 48071,Kars Nuts,42.533583,-83.096024,75,,,Normal Geofence
36812946,3758 WEST MORRIS STREET  INDIANAPOLIS IN 46241,Gas 83700,39.750532,-86.223949,75,,,Normal Geofence
36812947,512 Jonesville Rd  Coldwater MI 49036,Walmart Coldwater,41.985652,-84.976191,75,,,Normal Geofence
36812948,145 Capital Ave SW  Battle Creek MI 49017,Graphic Packaging C-8,42.31596,-85.186976,75,,,Normal Geofence
36812949,7210 STRAWBERRY PLAINS PI KE KNOXVILLE TN 37914,Gas 219,35.999198,-83.778001,75,,,Normal Geofence
